"","species_name","algorithm","dismo_threshold","kappa","spec_sens","no_omission","prevalence","equal_sens_spec","sensitivity","correlation","AUC","AUCratio","pROC","TSSmax","KAPPAmax","prevalence.value","PPP","NPP","TPR","TNR","FPR","FNR","CCR","Kappa","F_score","Jaccard"
"1","Philcoxia_bahiensis","bioclim","spec_sens",0.133233333333333,0.133233333333333,0.133283333333333,0,0.1999,0.200033333333333,NA,0.616666666666667,1.23333333333333,NA,0.266666666666667,0.190476190476191,0.166666666666667,0.277777777777778,NA,1,0.266666666666667,0.733333333333333,0,0.388888888888889,0.190476190476191,0.412698412698413,0.277777777777778
"2","Philcoxia_bahiensis","glm","spec_sens",0.44278449,0.44278449,0.442794336666667,0.125739433333333,0.451226366666667,0.463333361666667,0.41235670825352,0.666666666666667,1.33333333333333,NA,0.633333333333333,0.568376068376068,0.166666666666667,0.616666666666667,NA,1,0.633333333333333,0.366666666666667,0,0.694444444444445,0.568376068376068,0.686507936507937,0.616666666666667
"3","Philcoxia_bahiensis","maxnet","spec_sens",0.425564166666667,0.425564166666667,0.425564166666667,0.2419443,0.451754396666667,0.451804396666667,0.312277718005567,0.666666666666667,1.33333333333333,NA,0.666666666666667,0.573426573426573,0.166666666666667,0.616666666666667,1,1,0.666666666666667,0.333333333333333,0,0.722222222222222,0.573426573426573,0.688888888888889,0.616666666666667
