"","threshold","tp","fp","fn","tn","prevalence","ODP","CCR","TPR","TNR","FPR","FNR","PPP","NPP","MCR","OR","kappa","TSS","FScore","Jaccard"
"1",-1e-04,1,5,0,0,0.166666666666667,0.833333333333333,0.166666666666667,1,0,1,0,0.166666666666667,NA,0.833333333333333,NA,0,0,0.285714285714286,0.166666666666667
"2",0.3999,0,1,1,4,0.166666666666667,0.833333333333333,0.666666666666667,0,0.8,0.2,1,0,0.8,0.333333333333333,0,-0.200000000000001,-0.2,0,0
"3",0.4,0,0,1,5,0.166666666666667,0.833333333333333,0.833333333333333,0,1,0,1,NA,0.833333333333333,0.166666666666667,NA,0,0,NA,0
"4",0.4001,0,0,1,5,0.166666666666667,0.833333333333333,0.833333333333333,0,1,0,1,NA,0.833333333333333,0.166666666666667,NA,0,0,NA,0
