"","threshold","tp","fp","fn","tn","prevalence","ODP","CCR","TPR","TNR","FPR","FNR","PPP","NPP","MCR","OR","kappa","TSS","FScore","Jaccard"
"1",0.15190162,1,5,0,0,0.166666666666667,0.833333333333333,0.166666666666667,1,0,1,0,0.166666666666667,NA,0.833333333333333,NA,0,0,0.285714285714286,0.166666666666667
"2",0.16581358,1,4,0,1,0.166666666666667,0.833333333333333,0.333333333333333,1,0.2,0.8,0,0.2,1,0.666666666666667,Inf,0.0769230769230769,0.2,0.333333333333333,0.2
"3",0.3322801,1,3,0,2,0.166666666666667,0.833333333333333,0.5,1,0.4,0.6,0,0.25,1,0.5,Inf,0.181818181818182,0.4,0.4,0.25
"4",0.41519888,0,3,1,2,0.166666666666667,0.833333333333333,0.333333333333333,0,0.4,0.6,1,0,0.666666666666667,0.666666666666667,0,-0.333333333333333,-0.6,0,0
"5",0.46267992,0,2,1,3,0.166666666666667,0.833333333333333,0.5,0,0.6,0.4,1,0,0.75,0.5,0,-0.285714285714286,-0.4,0,0
"6",0.48752483,0,1,1,4,0.166666666666667,0.833333333333333,0.666666666666667,0,0.8,0.2,1,0,0.8,0.333333333333333,0,-0.200000000000001,-0.2,0,0
"7",0.48762483,0,1,1,4,0.166666666666667,0.833333333333333,0.666666666666667,0,0.8,0.2,1,0,0.8,0.333333333333333,0,-0.200000000000001,-0.2,0,0
"8",0.48772483,0,0,1,5,0.166666666666667,0.833333333333333,0.833333333333333,0,1,0,1,NA,0.833333333333333,0.166666666666667,NA,0,0,NA,0
