"","threshold","tp","fp","fn","tn","prevalence","ODP","CCR","TPR","TNR","FPR","FNR","PPP","NPP","MCR","OR","kappa","TSS","FScore","Jaccard"
"1",0.01713448,1,5,0,0,0.166666666666667,0.833333333333333,0.166666666666667,1,0,1,0,0.166666666666667,NA,0.833333333333333,NA,0,0,0.285714285714286,0.166666666666667
"2",0.05533353,1,4,0,1,0.166666666666667,0.833333333333333,0.333333333333333,1,0.2,0.8,0,0.2,1,0.666666666666667,Inf,0.0769230769230769,0.2,0.333333333333333,0.2
"3",0.06230242,1,3,0,2,0.166666666666667,0.833333333333333,0.5,1,0.4,0.6,0,0.25,1,0.5,Inf,0.181818181818182,0.4,0.4,0.25
"4",0.08538991,1,2,0,3,0.166666666666667,0.833333333333333,0.666666666666667,1,0.6,0.4,0,0.333333333333333,1,0.333333333333333,Inf,0.333333333333333,0.6,0.5,0.333333333333333
"5",0.20155617,1,1,0,4,0.166666666666667,0.833333333333333,0.833333333333333,1,0.8,0.2,0,0.5,1,0.166666666666667,Inf,0.571428571428572,0.8,0.666666666666667,0.5
"6",0.92400148,1,0,0,5,0.166666666666667,0.833333333333333,1,1,1,0,0,1,1,0,Inf,1,1,1,1
"7",0.92410148,0,0,1,5,0.166666666666667,0.833333333333333,0.833333333333333,0,1,0,1,NA,0.833333333333333,0.166666666666667,NA,0,0,NA,0
"8",0.92420148,0,0,1,5,0.166666666666667,0.833333333333333,0.833333333333333,0,1,0,1,NA,0.833333333333333,0.166666666666667,NA,0,0,NA,0
